{
  "apikeys": [
    {
      "insertOne": {
        "document": {
          "userId": "user_001",
          "key": "key-user-001",
          "createdAt": "2025-05-26T00:33:35.644278"
        }
      }
    },
    {
      "insertOne": {
        "document": {
          "userId": "user_002",
          "key": "key-user-002",
          "createdAt": "2025-05-26T00:33:35.644278"
        }
      }
    },
    {
      "insertOne": {
        "document": {
          "userId": "user_003",
          "key": "key-user-003",
          "createdAt": "2025-05-26T00:33:35.644278"
        }
      }
    }
  ],
  "configs": [
    {
      "insertOne": {
        "document": {
          "userId": "user_001",
          "layout": {
            "cards": [
              {
                "title": "\u603b\u80fd\u8017",
                "type": "kpi",
                "collection": "device_stats",
                "pipeline": [
                  {
                    "$match": {
                      "user": "user_001"
                    }
                  },
                  {
                    "$group": {
                      "_id": null,
                      "total": {
                        "$sum": "$energy"
                      }
                    }
                  }
                ],
                "position": {
                  "x": 0,
                  "y": 0
                },
                "size": {
                  "w": 2,
                  "h": 1
                }
              },
              {
                "title": "\u65e5\u7528\u7535\u91cf\u8d8b\u52bf",
                "type": "line",
                "collection": "device_stats",
                "pipeline": [
                  {
                    "$match": {
                      "user": "user_001"
                    }
                  },
                  {
                    "$group": {
                      "_id": "$date",
                      "total": {
                        "$sum": "$energy"
                      }
                    }
                  },
                  {
                    "$sort": {
                      "_id": 1
                    }
                  }
                ],
                "position": {
                  "x": 2,
                  "y": 0
                },
                "size": {
                  "w": 4,
                  "h": 2
                }
              },
              {
                "title": "\u8bbe\u5907\u80fd\u8017\u5206\u5e03",
                "type": "bar",
                "collection": "device_stats",
                "pipeline": [
                  {
                    "$match": {
                      "user": "user_001"
                    }
                  },
                  {
                    "$group": {
                      "_id": "$device",
                      "energy": {
                        "$sum": "$energy"
                      }
                    }
                  }
                ],
                "position": {
                  "x": 0,
                  "y": 2
                },
                "size": {
                  "w": 3,
                  "h": 2
                }
              },
              {
                "title": "\u70ed\u529b\u56fe\u793a\u4f8b",
                "type": "heatmap",
                "collection": "device_stats",
                "pipeline": [
                  {
                    "$match": {
                      "user": "user_001"
                    }
                  },
                  {
                    "$project": {
                      "hour": {
                        "$hour": "$ts"
                      },
                      "value": "$energy"
                    }
                  }
                ],
                "position": {
                  "x": 3,
                  "y": 2
                },
                "size": {
                  "w": 3,
                  "h": 2
                }
              }
            ]
          },
          "versions": [],
          "createdAt": "2025-05-26T00:33:35.644278",
          "updatedAt": "2025-05-26T00:33:35.644278"
        }
      }
    },
    {
      "insertOne": {
        "document": {
          "userId": "user_002",
          "layout": {
            "cards": [
              {
                "title": "\u603b\u80fd\u8017",
                "type": "kpi",
                "collection": "device_stats",
                "pipeline": [
                  {
                    "$match": {
                      "user": "user_002"
                    }
                  },
                  {
                    "$group": {
                      "_id": null,
                      "total": {
                        "$sum": "$energy"
                      }
                    }
                  }
                ],
                "position": {
                  "x": 0,
                  "y": 0
                },
                "size": {
                  "w": 2,
                  "h": 1
                }
              },
              {
                "title": "\u65e5\u7528\u7535\u91cf\u8d8b\u52bf",
                "type": "line",
                "collection": "device_stats",
                "pipeline": [
                  {
                    "$match": {
                      "user": "user_002"
                    }
                  },
                  {
                    "$group": {
                      "_id": "$date",
                      "total": {
                        "$sum": "$energy"
                      }
                    }
                  },
                  {
                    "$sort": {
                      "_id": 1
                    }
                  }
                ],
                "position": {
                  "x": 2,
                  "y": 0
                },
                "size": {
                  "w": 4,
                  "h": 2
                }
              },
              {
                "title": "\u8bbe\u5907\u80fd\u8017\u5206\u5e03",
                "type": "bar",
                "collection": "device_stats",
                "pipeline": [
                  {
                    "$match": {
                      "user": "user_002"
                    }
                  },
                  {
                    "$group": {
                      "_id": "$device",
                      "energy": {
                        "$sum": "$energy"
                      }
                    }
                  }
                ],
                "position": {
                  "x": 0,
                  "y": 2
                },
                "size": {
                  "w": 3,
                  "h": 2
                }
              },
              {
                "title": "\u70ed\u529b\u56fe\u793a\u4f8b",
                "type": "heatmap",
                "collection": "device_stats",
                "pipeline": [
                  {
                    "$match": {
                      "user": "user_002"
                    }
                  },
                  {
                    "$project": {
                      "hour": {
                        "$hour": "$ts"
                      },
                      "value": "$energy"
                    }
                  }
                ],
                "position": {
                  "x": 3,
                  "y": 2
                },
                "size": {
                  "w": 3,
                  "h": 2
                }
              }
            ]
          },
          "versions": [],
          "createdAt": "2025-05-26T00:33:35.644278",
          "updatedAt": "2025-05-26T00:33:35.644278"
        }
      }
    },
    {
      "insertOne": {
        "document": {
          "userId": "user_003",
          "layout": {
            "cards": [
              {
                "title": "\u603b\u80fd\u8017",
                "type": "kpi",
                "collection": "device_stats",
                "pipeline": [
                  {
                    "$match": {
                      "user": "user_003"
                    }
                  },
                  {
                    "$group": {
                      "_id": null,
                      "total": {
                        "$sum": "$energy"
                      }
                    }
                  }
                ],
                "position": {
                  "x": 0,
                  "y": 0
                },
                "size": {
                  "w": 2,
                  "h": 1
                }
              },
              {
                "title": "\u65e5\u7528\u7535\u91cf\u8d8b\u52bf",
                "type": "line",
                "collection": "device_stats",
                "pipeline": [
                  {
                    "$match": {
                      "user": "user_003"
                    }
                  },
                  {
                    "$group": {
                      "_id": "$date",
                      "total": {
                        "$sum": "$energy"
                      }
                    }
                  },
                  {
                    "$sort": {
                      "_id": 1
                    }
                  }
                ],
                "position": {
                  "x": 2,
                  "y": 0
                },
                "size": {
                  "w": 4,
                  "h": 2
                }
              },
              {
                "title": "\u8bbe\u5907\u80fd\u8017\u5206\u5e03",
                "type": "bar",
                "collection": "device_stats",
                "pipeline": [
                  {
                    "$match": {
                      "user": "user_003"
                    }
                  },
                  {
                    "$group": {
                      "_id": "$device",
                      "energy": {
                        "$sum": "$energy"
                      }
                    }
                  }
                ],
                "position": {
                  "x": 0,
                  "y": 2
                },
                "size": {
                  "w": 3,
                  "h": 2
                }
              },
              {
                "title": "\u70ed\u529b\u56fe\u793a\u4f8b",
                "type": "heatmap",
                "collection": "device_stats",
                "pipeline": [
                  {
                    "$match": {
                      "user": "user_003"
                    }
                  },
                  {
                    "$project": {
                      "hour": {
                        "$hour": "$ts"
                      },
                      "value": "$energy"
                    }
                  }
                ],
                "position": {
                  "x": 3,
                  "y": 2
                },
                "size": {
                  "w": 3,
                  "h": 2
                }
              }
            ]
          },
          "versions": [],
          "createdAt": "2025-05-26T00:33:35.644278",
          "updatedAt": "2025-05-26T00:33:35.644278"
        }
      }
    }
  ],
  "device_stats": [
    {
      "insertOne": {
        "document": {
          "user": "user_001",
          "device": "AC",
          "energy": 0.75,
          "ts": "2025-05-17T00:33:35.644278",
          "date": "2025-05-17"
        }
      }
    },
    {
      "insertOne": {
        "document": {
          "user": "user_001",
          "device": "Light",
          "energy": 1.25,
          "ts": "2025-05-17T00:33:35.644278",
          "date": "2025-05-17"
        }
      }
    },
    {
      "insertOne": {
        "document": {
          "user": "user_001",
          "device": "Washer",
          "energy": 1.5,
          "ts": "2025-05-17T00:33:35.644278",
          "date": "2025-05-17"
        }
      }
    },
    {
      "insertOne": {
        "document": {
          "user": "user_001",
          "device": "AC",
          "energy": 0.5,
          "ts": "2025-05-17T06:33:35.644278",
          "date": "2025-05-17"
        }
      }
    },
    {
      "insertOne": {
        "document": {
          "user": "user_001",
          "device": "Light",
          "energy": 0.5,
          "ts": "2025-05-17T06:33:35.644278",
          "date": "2025-05-17"
        }
      }
    },
    {
      "insertOne": {
        "document": {
          "user": "user_001",
          "device": "Washer",
          "energy": 2.0,
          "ts": "2025-05-17T06:33:35.644278",
          "date": "2025-05-17"
        }
      }
    },
    {
      "insertOne": {
        "document": {
          "user": "user_001",
          "device": "AC",
          "energy": 1.5,
          "ts": "2025-05-17T12:33:35.644278",
          "date": "2025-05-17"
        }
      }
    },
    {
      "insertOne": {
        "document": {
          "user": "user_001",
          "device": "Light",
          "energy": 1.75,
          "ts": "2025-05-17T12:33:35.644278",
          "date": "2025-05-17"
        }
      }
    },
    {
      "insertOne": {
        "document": {
          "user": "user_001",
          "device": "Washer",
          "energy": 1.25,
          "ts": "2025-05-17T12:33:35.644278",
          "date": "2025-05-17"
        }
      }
    },
    {
      "insertOne": {
        "document": {
          "user": "user_001",
          "device": "AC",
          "energy": 2.5,
          "ts": "2025-05-17T18:33:35.644278",
          "date": "2025-05-17"
        }
      }
    },
    {
      "insertOne": {
        "document": {
          "user": "user_001",
          "device": "Light",
          "energy": 1.75,
          "ts": "2025-05-17T18:33:35.644278",
          "date": "2025-05-17"
        }
      }
    },
    {
      "insertOne": {
        "document": {
          "user": "user_001",
          "device": "Washer",
          "energy": 0.5,
          "ts": "2025-05-17T18:33:35.644278",
          "date": "2025-05-17"
        }
      }
    },
    {
      "insertOne": {
        "document": {
          "user": "user_001",
          "device": "AC",
          "energy": 0.75,
          "ts": "2025-05-18T00:33:35.644278",
          "date": "2025-05-18"
        }
      }
    },
    {
      "insertOne": {
        "document": {
          "user": "user_001",
          "device": "Light",
          "energy": 1.25,
          "ts": "2025-05-18T00:33:35.644278",
          "date": "2025-05-18"
        }
      }
    },
    {
      "insertOne": {
        "document": {
          "user": "user_001",
          "device": "Washer",
          "energy": 1.5,
          "ts": "2025-05-18T00:33:35.644278",
          "date": "2025-05-18"
        }
      }
    },
    {
      "insertOne": {
        "document": {
          "user": "user_001",
          "device": "AC",
          "energy": 0.5,
          "ts": "2025-05-18T06:33:35.644278",
          "date": "2025-05-18"
        }
      }
    },
    {
      "insertOne": {
        "document": {
          "user": "user_001",
          "device": "Light",
          "energy": 0.5,
          "ts": "2025-05-18T06:33:35.644278",
          "date": "2025-05-18"
        }
      }
    },
    {
      "insertOne": {
        "document": {
          "user": "user_001",
          "device": "Washer",
          "energy": 2.0,
          "ts": "2025-05-18T06:33:35.644278",
          "date": "2025-05-18"
        }
      }
    },
    {
      "insertOne": {
        "document": {
          "user": "user_001",
          "device": "AC",
          "energy": 1.5,
          "ts": "2025-05-18T12:33:35.644278",
          "date": "2025-05-18"
        }
      }
    },
    {
      "insertOne": {
        "document": {
          "user": "user_001",
          "device": "Light",
          "energy": 1.75,
          "ts": "2025-05-18T12:33:35.644278",
          "date": "2025-05-18"
        }
      }
    },
    {
      "insertOne": {
        "document": {
          "user": "user_001",
          "device": "Washer",
          "energy": 1.25,
          "ts": "2025-05-18T12:33:35.644278",
          "date": "2025-05-18"
        }
      }
    },
    {
      "insertOne": {
        "document": {
          "user": "user_001",
          "device": "AC",
          "energy": 2.5,
          "ts": "2025-05-18T18:33:35.644278",
          "date": "2025-05-18"
        }
      }
    },
    {
      "insertOne": {
        "document": {
          "user": "user_001",
          "device": "Light",
          "energy": 1.75,
          "ts": "2025-05-18T18:33:35.644278",
          "date": "2025-05-18"
        }
      }
    },
    {
      "insertOne": {
        "document": {
          "user": "user_001",
          "device": "Washer",
          "energy": 0.5,
          "ts": "2025-05-18T18:33:35.644278",
          "date": "2025-05-18"
        }
      }
    },
    {
      "insertOne": {
        "document": {
          "user": "user_001",
          "device": "AC",
          "energy": 0.75,
          "ts": "2025-05-19T00:33:35.644278",
          "date": "2025-05-19"
        }
      }
    },
    {
      "insertOne": {
        "document": {
          "user": "user_001",
          "device": "Light",
          "energy": 1.25,
          "ts": "2025-05-19T00:33:35.644278",
          "date": "2025-05-19"
        }
      }
    },
    {
      "insertOne": {
        "document": {
          "user": "user_001",
          "device": "Washer",
          "energy": 1.5,
          "ts": "2025-05-19T00:33:35.644278",
          "date": "2025-05-19"
        }
      }
    },
    {
      "insertOne": {
        "document": {
          "user": "user_001",
          "device": "AC",
          "energy": 0.5,
          "ts": "2025-05-19T06:33:35.644278",
          "date": "2025-05-19"
        }
      }
    },
    {
      "insertOne": {
        "document": {
          "user": "user_001",
          "device": "Light",
          "energy": 0.5,
          "ts": "2025-05-19T06:33:35.644278",
          "date": "2025-05-19"
        }
      }
    },
    {
      "insertOne": {
        "document": {
          "user": "user_001",
          "device": "Washer",
          "energy": 2.0,
          "ts": "2025-05-19T06:33:35.644278",
          "date": "2025-05-19"
        }
      }
    },
    {
      "insertOne": {
        "document": {
          "user": "user_001",
          "device": "AC",
          "energy": 1.5,
          "ts": "2025-05-19T12:33:35.644278",
          "date": "2025-05-19"
        }
      }
    },
    {
      "insertOne": {
        "document": {
          "user": "user_001",
          "device": "Light",
          "energy": 1.75,
          "ts": "2025-05-19T12:33:35.644278",
          "date": "2025-05-19"
        }
      }
    },
    {
      "insertOne": {
        "document": {
          "user": "user_001",
          "device": "Washer",
          "energy": 1.25,
          "ts": "2025-05-19T12:33:35.644278",
          "date": "2025-05-19"
        }
      }
    },
    {
      "insertOne": {
        "document": {
          "user": "user_001",
          "device": "AC",
          "energy": 2.5,
          "ts": "2025-05-19T18:33:35.644278",
          "date": "2025-05-19"
        }
      }
    },
    {
      "insertOne": {
        "document": {
          "user": "user_001",
          "device": "Light",
          "energy": 1.75,
          "ts": "2025-05-19T18:33:35.644278",
          "date": "2025-05-19"
        }
      }
    },
    {
      "insertOne": {
        "document": {
          "user": "user_001",
          "device": "Washer",
          "energy": 0.5,
          "ts": "2025-05-19T18:33:35.644278",
          "date": "2025-05-19"
        }
      }
    },
    {
      "insertOne": {
        "document": {
          "user": "user_001",
          "device": "AC",
          "energy": 0.75,
          "ts": "2025-05-20T00:33:35.644278",
          "date": "2025-05-20"
        }
      }
    },
    {
      "insertOne": {
        "document": {
          "user": "user_001",
          "device": "Light",
          "energy": 1.25,
          "ts": "2025-05-20T00:33:35.644278",
          "date": "2025-05-20"
        }
      }
    },
    {
      "insertOne": {
        "document": {
          "user": "user_001",
          "device": "Washer",
          "energy": 1.5,
          "ts": "2025-05-20T00:33:35.644278",
          "date": "2025-05-20"
        }
      }
    },
    {
      "insertOne": {
        "document": {
          "user": "user_001",
          "device": "AC",
          "energy": 0.5,
          "ts": "2025-05-20T06:33:35.644278",
          "date": "2025-05-20"
        }
      }
    },
    {
      "insertOne": {
        "document": {
          "user": "user_001",
          "device": "Light",
          "energy": 0.5,
          "ts": "2025-05-20T06:33:35.644278",
          "date": "2025-05-20"
        }
      }
    },
    {
      "insertOne": {
        "document": {
          "user": "user_001",
          "device": "Washer",
          "energy": 2.0,
          "ts": "2025-05-20T06:33:35.644278",
          "date": "2025-05-20"
        }
      }
    },
    {
      "insertOne": {
        "document": {
          "user": "user_001",
          "device": "AC",
          "energy": 1.5,
          "ts": "2025-05-20T12:33:35.644278",
          "date": "2025-05-20"
        }
      }
    },
    {
      "insertOne": {
        "document": {
          "user": "user_001",
          "device": "Light",
          "energy": 1.75,
          "ts": "2025-05-20T12:33:35.644278",
          "date": "2025-05-20"
        }
      }
    },
    {
      "insertOne": {
        "document": {
          "user": "user_001",
          "device": "Washer",
          "energy": 1.25,
          "ts": "2025-05-20T12:33:35.644278",
          "date": "2025-05-20"
        }
      }
    },
    {
      "insertOne": {
        "document": {
          "user": "user_001",
          "device": "AC",
          "energy": 2.5,
          "ts": "2025-05-20T18:33:35.644278",
          "date": "2025-05-20"
        }
      }
    },
    {
      "insertOne": {
        "document": {
          "user": "user_001",
          "device": "Light",
          "energy": 1.75,
          "ts": "2025-05-20T18:33:35.644278",
          "date": "2025-05-20"
        }
      }
    },
    {
      "insertOne": {
        "document": {
          "user": "user_001",
          "device": "Washer",
          "energy": 0.5,
          "ts": "2025-05-20T18:33:35.644278",
          "date": "2025-05-20"
        }
      }
    },
    {
      "insertOne": {
        "document": {
          "user": "user_001",
          "device": "AC",
          "energy": 0.75,
          "ts": "2025-05-21T00:33:35.644278",
          "date": "2025-05-21"
        }
      }
    },
    {
      "insertOne": {
        "document": {
          "user": "user_001",
          "device": "Light",
          "energy": 1.25,
          "ts": "2025-05-21T00:33:35.644278",
          "date": "2025-05-21"
        }
      }
    },
    {
      "insertOne": {
        "document": {
          "user": "user_001",
          "device": "Washer",
          "energy": 1.5,
          "ts": "2025-05-21T00:33:35.644278",
          "date": "2025-05-21"
        }
      }
    },
    {
      "insertOne": {
        "document": {
          "user": "user_001",
          "device": "AC",
          "energy": 0.5,
          "ts": "2025-05-21T06:33:35.644278",
          "date": "2025-05-21"
        }
      }
    },
    {
      "insertOne": {
        "document": {
          "user": "user_001",
          "device": "Light",
          "energy": 0.5,
          "ts": "2025-05-21T06:33:35.644278",
          "date": "2025-05-21"
        }
      }
    },
    {
      "insertOne": {
        "document": {
          "user": "user_001",
          "device": "Washer",
          "energy": 2.0,
          "ts": "2025-05-21T06:33:35.644278",
          "date": "2025-05-21"
        }
      }
    },
    {
      "insertOne": {
        "document": {
          "user": "user_001",
          "device": "AC",
          "energy": 1.5,
          "ts": "2025-05-21T12:33:35.644278",
          "date": "2025-05-21"
        }
      }
    },
    {
      "insertOne": {
        "document": {
          "user": "user_001",
          "device": "Light",
          "energy": 1.75,
          "ts": "2025-05-21T12:33:35.644278",
          "date": "2025-05-21"
        }
      }
    },
    {
      "insertOne": {
        "document": {
          "user": "user_001",
          "device": "Washer",
          "energy": 1.25,
          "ts": "2025-05-21T12:33:35.644278",
          "date": "2025-05-21"
        }
      }
    },
    {
      "insertOne": {
        "document": {
          "user": "user_001",
          "device": "AC",
          "energy": 2.5,
          "ts": "2025-05-21T18:33:35.644278",
          "date": "2025-05-21"
        }
      }
    },
    {
      "insertOne": {
        "document": {
          "user": "user_001",
          "device": "Light",
          "energy": 1.75,
          "ts": "2025-05-21T18:33:35.644278",
          "date": "2025-05-21"
        }
      }
    },
    {
      "insertOne": {
        "document": {
          "user": "user_001",
          "device": "Washer",
          "energy": 0.5,
          "ts": "2025-05-21T18:33:35.644278",
          "date": "2025-05-21"
        }
      }
    },
    {
      "insertOne": {
        "document": {
          "user": "user_001",
          "device": "AC",
          "energy": 0.75,
          "ts": "2025-05-22T00:33:35.644278",
          "date": "2025-05-22"
        }
      }
    },
    {
      "insertOne": {
        "document": {
          "user": "user_001",
          "device": "Light",
          "energy": 1.25,
          "ts": "2025-05-22T00:33:35.644278",
          "date": "2025-05-22"
        }
      }
    },
    {
      "insertOne": {
        "document": {
          "user": "user_001",
          "device": "Washer",
          "energy": 1.5,
          "ts": "2025-05-22T00:33:35.644278",
          "date": "2025-05-22"
        }
      }
    },
    {
      "insertOne": {
        "document": {
          "user": "user_001",
          "device": "AC",
          "energy": 0.5,
          "ts": "2025-05-22T06:33:35.644278",
          "date": "2025-05-22"
        }
      }
    },
    {
      "insertOne": {
        "document": {
          "user": "user_001",
          "device": "Light",
          "energy": 0.5,
          "ts": "2025-05-22T06:33:35.644278",
          "date": "2025-05-22"
        }
      }
    },
    {
      "insertOne": {
        "document": {
          "user": "user_001",
          "device": "Washer",
          "energy": 2.0,
          "ts": "2025-05-22T06:33:35.644278",
          "date": "2025-05-22"
        }
      }
    },
    {
      "insertOne": {
        "document": {
          "user": "user_001",
          "device": "AC",
          "energy": 1.5,
          "ts": "2025-05-22T12:33:35.644278",
          "date": "2025-05-22"
        }
      }
    },
    {
      "insertOne": {
        "document": {
          "user": "user_001",
          "device": "Light",
          "energy": 1.75,
          "ts": "2025-05-22T12:33:35.644278",
          "date": "2025-05-22"
        }
      }
    },
    {
      "insertOne": {
        "document": {
          "user": "user_001",
          "device": "Washer",
          "energy": 1.25,
          "ts": "2025-05-22T12:33:35.644278",
          "date": "2025-05-22"
        }
      }
    },
    {
      "insertOne": {
        "document": {
          "user": "user_001",
          "device": "AC",
          "energy": 2.5,
          "ts": "2025-05-22T18:33:35.644278",
          "date": "2025-05-22"
        }
      }
    },
    {
      "insertOne": {
        "document": {
          "user": "user_001",
          "device": "Light",
          "energy": 1.75,
          "ts": "2025-05-22T18:33:35.644278",
          "date": "2025-05-22"
        }
      }
    },
    {
      "insertOne": {
        "document": {
          "user": "user_001",
          "device": "Washer",
          "energy": 0.5,
          "ts": "2025-05-22T18:33:35.644278",
          "date": "2025-05-22"
        }
      }
    },
    {
      "insertOne": {
        "document": {
          "user": "user_001",
          "device": "AC",
          "energy": 0.75,
          "ts": "2025-05-23T00:33:35.644278",
          "date": "2025-05-23"
        }
      }
    },
    {
      "insertOne": {
        "document": {
          "user": "user_001",
          "device": "Light",
          "energy": 1.25,
          "ts": "2025-05-23T00:33:35.644278",
          "date": "2025-05-23"
        }
      }
    },
    {
      "insertOne": {
        "document": {
          "user": "user_001",
          "device": "Washer",
          "energy": 1.5,
          "ts": "2025-05-23T00:33:35.644278",
          "date": "2025-05-23"
        }
      }
    },
    {
      "insertOne": {
        "document": {
          "user": "user_001",
          "device": "AC",
          "energy": 0.5,
          "ts": "2025-05-23T06:33:35.644278",
          "date": "2025-05-23"
        }
      }
    },
    {
      "insertOne": {
        "document": {
          "user": "user_001",
          "device": "Light",
          "energy": 0.5,
          "ts": "2025-05-23T06:33:35.644278",
          "date": "2025-05-23"
        }
      }
    },
    {
      "insertOne": {
        "document": {
          "user": "user_001",
          "device": "Washer",
          "energy": 2.0,
          "ts": "2025-05-23T06:33:35.644278",
          "date": "2025-05-23"
        }
      }
    },
    {
      "insertOne": {
        "document": {
          "user": "user_001",
          "device": "AC",
          "energy": 1.5,
          "ts": "2025-05-23T12:33:35.644278",
          "date": "2025-05-23"
        }
      }
    },
    {
      "insertOne": {
        "document": {
          "user": "user_001",
          "device": "Light",
          "energy": 1.75,
          "ts": "2025-05-23T12:33:35.644278",
          "date": "2025-05-23"
        }
      }
    },
    {
      "insertOne": {
        "document": {
          "user": "user_001",
          "device": "Washer",
          "energy": 1.25,
          "ts": "2025-05-23T12:33:35.644278",
          "date": "2025-05-23"
        }
      }
    },
    {
      "insertOne": {
        "document": {
          "user": "user_001",
          "device": "AC",
          "energy": 2.5,
          "ts": "2025-05-23T18:33:35.644278",
          "date": "2025-05-23"
        }
      }
    },
    {
      "insertOne": {
        "document": {
          "user": "user_001",
          "device": "Light",
          "energy": 1.75,
          "ts": "2025-05-23T18:33:35.644278",
          "date": "2025-05-23"
        }
      }
    },
    {
      "insertOne": {
        "document": {
          "user": "user_001",
          "device": "Washer",
          "energy": 0.5,
          "ts": "2025-05-23T18:33:35.644278",
          "date": "2025-05-23"
        }
      }
    },
    {
      "insertOne": {
        "document": {
          "user": "user_001",
          "device": "AC",
          "energy": 0.75,
          "ts": "2025-05-24T00:33:35.644278",
          "date": "2025-05-24"
        }
      }
    },
    {
      "insertOne": {
        "document": {
          "user": "user_001",
          "device": "Light",
          "energy": 1.25,
          "ts": "2025-05-24T00:33:35.644278",
          "date": "2025-05-24"
        }
      }
    },
    {
      "insertOne": {
        "document": {
          "user": "user_001",
          "device": "Washer",
          "energy": 1.5,
          "ts": "2025-05-24T00:33:35.644278",
          "date": "2025-05-24"
        }
      }
    },
    {
      "insertOne": {
        "document": {
          "user": "user_001",
          "device": "AC",
          "energy": 0.5,
          "ts": "2025-05-24T06:33:35.644278",
          "date": "2025-05-24"
        }
      }
    },
    {
      "insertOne": {
        "document": {
          "user": "user_001",
          "device": "Light",
          "energy": 0.5,
          "ts": "2025-05-24T06:33:35.644278",
          "date": "2025-05-24"
        }
      }
    },
    {
      "insertOne": {
        "document": {
          "user": "user_001",
          "device": "Washer",
          "energy": 2.0,
          "ts": "2025-05-24T06:33:35.644278",
          "date": "2025-05-24"
        }
      }
    },
    {
      "insertOne": {
        "document": {
          "user": "user_001",
          "device": "AC",
          "energy": 1.5,
          "ts": "2025-05-24T12:33:35.644278",
          "date": "2025-05-24"
        }
      }
    },
    {
      "insertOne": {
        "document": {
          "user": "user_001",
          "device": "Light",
          "energy": 1.75,
          "ts": "2025-05-24T12:33:35.644278",
          "date": "2025-05-24"
        }
      }
    },
    {
      "insertOne": {
        "document": {
          "user": "user_001",
          "device": "Washer",
          "energy": 1.25,
          "ts": "2025-05-24T12:33:35.644278",
          "date": "2025-05-24"
        }
      }
    },
    {
      "insertOne": {
        "document": {
          "user": "user_001",
          "device": "AC",
          "energy": 2.5,
          "ts": "2025-05-24T18:33:35.644278",
          "date": "2025-05-24"
        }
      }
    },
    {
      "insertOne": {
        "document": {
          "user": "user_001",
          "device": "Light",
          "energy": 1.75,
          "ts": "2025-05-24T18:33:35.644278",
          "date": "2025-05-24"
        }
      }
    },
    {
      "insertOne": {
        "document": {
          "user": "user_001",
          "device": "Washer",
          "energy": 0.5,
          "ts": "2025-05-24T18:33:35.644278",
          "date": "2025-05-24"
        }
      }
    },
    {
      "insertOne": {
        "document": {
          "user": "user_001",
          "device": "AC",
          "energy": 0.75,
          "ts": "2025-05-25T00:33:35.644278",
          "date": "2025-05-25"
        }
      }
    },
    {
      "insertOne": {
        "document": {
          "user": "user_001",
          "device": "Light",
          "energy": 1.25,
          "ts": "2025-05-25T00:33:35.644278",
          "date": "2025-05-25"
        }
      }
    },
    {
      "insertOne": {
        "document": {
          "user": "user_001",
          "device": "Washer",
          "energy": 1.5,
          "ts": "2025-05-25T00:33:35.644278",
          "date": "2025-05-25"
        }
      }
    },
    {
      "insertOne": {
        "document": {
          "user": "user_001",
          "device": "AC",
          "energy": 0.5,
          "ts": "2025-05-25T06:33:35.644278",
          "date": "2025-05-25"
        }
      }
    },
    {
      "insertOne": {
        "document": {
          "user": "user_001",
          "device": "Light",
          "energy": 0.5,
          "ts": "2025-05-25T06:33:35.644278",
          "date": "2025-05-25"
        }
      }
    },
    {
      "insertOne": {
        "document": {
          "user": "user_001",
          "device": "Washer",
          "energy": 2.0,
          "ts": "2025-05-25T06:33:35.644278",
          "date": "2025-05-25"
        }
      }
    },
    {
      "insertOne": {
        "document": {
          "user": "user_001",
          "device": "AC",
          "energy": 1.5,
          "ts": "2025-05-25T12:33:35.644278",
          "date": "2025-05-25"
        }
      }
    },
    {
      "insertOne": {
        "document": {
          "user": "user_001",
          "device": "Light",
          "energy": 1.75,
          "ts": "2025-05-25T12:33:35.644278",
          "date": "2025-05-25"
        }
      }
    },
    {
      "insertOne": {
        "document": {
          "user": "user_001",
          "device": "Washer",
          "energy": 1.25,
          "ts": "2025-05-25T12:33:35.644278",
          "date": "2025-05-25"
        }
      }
    },
    {
      "insertOne": {
        "document": {
          "user": "user_001",
          "device": "AC",
          "energy": 2.5,
          "ts": "2025-05-25T18:33:35.644278",
          "date": "2025-05-25"
        }
      }
    },
    {
      "insertOne": {
        "document": {
          "user": "user_001",
          "device": "Light",
          "energy": 1.75,
          "ts": "2025-05-25T18:33:35.644278",
          "date": "2025-05-25"
        }
      }
    },
    {
      "insertOne": {
        "document": {
          "user": "user_001",
          "device": "Washer",
          "energy": 0.5,
          "ts": "2025-05-25T18:33:35.644278",
          "date": "2025-05-25"
        }
      }
    },
    {
      "insertOne": {
        "document": {
          "user": "user_001",
          "device": "AC",
          "energy": 0.75,
          "ts": "2025-05-26T00:33:35.644278",
          "date": "2025-05-26"
        }
      }
    },
    {
      "insertOne": {
        "document": {
          "user": "user_001",
          "device": "Light",
          "energy": 1.25,
          "ts": "2025-05-26T00:33:35.644278",
          "date": "2025-05-26"
        }
      }
    },
    {
      "insertOne": {
        "document": {
          "user": "user_001",
          "device": "Washer",
          "energy": 1.5,
          "ts": "2025-05-26T00:33:35.644278",
          "date": "2025-05-26"
        }
      }
    },
    {
      "insertOne": {
        "document": {
          "user": "user_001",
          "device": "AC",
          "energy": 0.5,
          "ts": "2025-05-26T06:33:35.644278",
          "date": "2025-05-26"
        }
      }
    },
    {
      "insertOne": {
        "document": {
          "user": "user_001",
          "device": "Light",
          "energy": 0.5,
          "ts": "2025-05-26T06:33:35.644278",
          "date": "2025-05-26"
        }
      }
    },
    {
      "insertOne": {
        "document": {
          "user": "user_001",
          "device": "Washer",
          "energy": 2.0,
          "ts": "2025-05-26T06:33:35.644278",
          "date": "2025-05-26"
        }
      }
    },
    {
      "insertOne": {
        "document": {
          "user": "user_001",
          "device": "AC",
          "energy": 1.5,
          "ts": "2025-05-26T12:33:35.644278",
          "date": "2025-05-26"
        }
      }
    },
    {
      "insertOne": {
        "document": {
          "user": "user_001",
          "device": "Light",
          "energy": 1.75,
          "ts": "2025-05-26T12:33:35.644278",
          "date": "2025-05-26"
        }
      }
    },
    {
      "insertOne": {
        "document": {
          "user": "user_001",
          "device": "Washer",
          "energy": 1.25,
          "ts": "2025-05-26T12:33:35.644278",
          "date": "2025-05-26"
        }
      }
    },
    {
      "insertOne": {
        "document": {
          "user": "user_001",
          "device": "AC",
          "energy": 2.5,
          "ts": "2025-05-26T18:33:35.644278",
          "date": "2025-05-26"
        }
      }
    },
    {
      "insertOne": {
        "document": {
          "user": "user_001",
          "device": "Light",
          "energy": 1.75,
          "ts": "2025-05-26T18:33:35.644278",
          "date": "2025-05-26"
        }
      }
    },
    {
      "insertOne": {
        "document": {
          "user": "user_001",
          "device": "Washer",
          "energy": 0.5,
          "ts": "2025-05-26T18:33:35.644278",
          "date": "2025-05-26"
        }
      }
    },
    {
      "insertOne": {
        "document": {
          "user": "user_002",
          "device": "AC",
          "energy": 0.75,
          "ts": "2025-05-17T00:33:35.644278",
          "date": "2025-05-17"
        }
      }
    },
    {
      "insertOne": {
        "document": {
          "user": "user_002",
          "device": "Light",
          "energy": 1.25,
          "ts": "2025-05-17T00:33:35.644278",
          "date": "2025-05-17"
        }
      }
    },
    {
      "insertOne": {
        "document": {
          "user": "user_002",
          "device": "Washer",
          "energy": 1.5,
          "ts": "2025-05-17T00:33:35.644278",
          "date": "2025-05-17"
        }
      }
    },
    {
      "insertOne": {
        "document": {
          "user": "user_002",
          "device": "AC",
          "energy": 0.5,
          "ts": "2025-05-17T06:33:35.644278",
          "date": "2025-05-17"
        }
      }
    },
    {
      "insertOne": {
        "document": {
          "user": "user_002",
          "device": "Light",
          "energy": 0.5,
          "ts": "2025-05-17T06:33:35.644278",
          "date": "2025-05-17"
        }
      }
    },
    {
      "insertOne": {
        "document": {
          "user": "user_002",
          "device": "Washer",
          "energy": 2.0,
          "ts": "2025-05-17T06:33:35.644278",
          "date": "2025-05-17"
        }
      }
    },
    {
      "insertOne": {
        "document": {
          "user": "user_002",
          "device": "AC",
          "energy": 1.5,
          "ts": "2025-05-17T12:33:35.644278",
          "date": "2025-05-17"
        }
      }
    },
    {
      "insertOne": {
        "document": {
          "user": "user_002",
          "device": "Light",
          "energy": 1.75,
          "ts": "2025-05-17T12:33:35.644278",
          "date": "2025-05-17"
        }
      }
    },
    {
      "insertOne": {
        "document": {
          "user": "user_002",
          "device": "Washer",
          "energy": 1.25,
          "ts": "2025-05-17T12:33:35.644278",
          "date": "2025-05-17"
        }
      }
    },
    {
      "insertOne": {
        "document": {
          "user": "user_002",
          "device": "AC",
          "energy": 2.5,
          "ts": "2025-05-17T18:33:35.644278",
          "date": "2025-05-17"
        }
      }
    },
    {
      "insertOne": {
        "document": {
          "user": "user_002",
          "device": "Light",
          "energy": 1.75,
          "ts": "2025-05-17T18:33:35.644278",
          "date": "2025-05-17"
        }
      }
    },
    {
      "insertOne": {
        "document": {
          "user": "user_002",
          "device": "Washer",
          "energy": 0.5,
          "ts": "2025-05-17T18:33:35.644278",
          "date": "2025-05-17"
        }
      }
    },
    {
      "insertOne": {
        "document": {
          "user": "user_002",
          "device": "AC",
          "energy": 0.75,
          "ts": "2025-05-18T00:33:35.644278",
          "date": "2025-05-18"
        }
      }
    },
    {
      "insertOne": {
        "document": {
          "user": "user_002",
          "device": "Light",
          "energy": 1.25,
          "ts": "2025-05-18T00:33:35.644278",
          "date": "2025-05-18"
        }
      }
    },
    {
      "insertOne": {
        "document": {
          "user": "user_002",
          "device": "Washer",
          "energy": 1.5,
          "ts": "2025-05-18T00:33:35.644278",
          "date": "2025-05-18"
        }
      }
    },
    {
      "insertOne": {
        "document": {
          "user": "user_002",
          "device": "AC",
          "energy": 0.5,
          "ts": "2025-05-18T06:33:35.644278",
          "date": "2025-05-18"
        }
      }
    },
    {
      "insertOne": {
        "document": {
          "user": "user_002",
          "device": "Light",
          "energy": 0.5,
          "ts": "2025-05-18T06:33:35.644278",
          "date": "2025-05-18"
        }
      }
    },
    {
      "insertOne": {
        "document": {
          "user": "user_002",
          "device": "Washer",
          "energy": 2.0,
          "ts": "2025-05-18T06:33:35.644278",
          "date": "2025-05-18"
        }
      }
    },
    {
      "insertOne": {
        "document": {
          "user": "user_002",
          "device": "AC",
          "energy": 1.5,
          "ts": "2025-05-18T12:33:35.644278",
          "date": "2025-05-18"
        }
      }
    },
    {
      "insertOne": {
        "document": {
          "user": "user_002",
          "device": "Light",
          "energy": 1.75,
          "ts": "2025-05-18T12:33:35.644278",
          "date": "2025-05-18"
        }
      }
    },
    {
      "insertOne": {
        "document": {
          "user": "user_002",
          "device": "Washer",
          "energy": 1.25,
          "ts": "2025-05-18T12:33:35.644278",
          "date": "2025-05-18"
        }
      }
    },
    {
      "insertOne": {
        "document": {
          "user": "user_002",
          "device": "AC",
          "energy": 2.5,
          "ts": "2025-05-18T18:33:35.644278",
          "date": "2025-05-18"
        }
      }
    },
    {
      "insertOne": {
        "document": {
          "user": "user_002",
          "device": "Light",
          "energy": 1.75,
          "ts": "2025-05-18T18:33:35.644278",
          "date": "2025-05-18"
        }
      }
    },
    {
      "insertOne": {
        "document": {
          "user": "user_002",
          "device": "Washer",
          "energy": 0.5,
          "ts": "2025-05-18T18:33:35.644278",
          "date": "2025-05-18"
        }
      }
    },
    {
      "insertOne": {
        "document": {
          "user": "user_002",
          "device": "AC",
          "energy": 0.75,
          "ts": "2025-05-19T00:33:35.644278",
          "date": "2025-05-19"
        }
      }
    },
    {
      "insertOne": {
        "document": {
          "user": "user_002",
          "device": "Light",
          "energy": 1.25,
          "ts": "2025-05-19T00:33:35.644278",
          "date": "2025-05-19"
        }
      }
    },
    {
      "insertOne": {
        "document": {
          "user": "user_002",
          "device": "Washer",
          "energy": 1.5,
          "ts": "2025-05-19T00:33:35.644278",
          "date": "2025-05-19"
        }
      }
    },
    {
      "insertOne": {
        "document": {
          "user": "user_002",
          "device": "AC",
          "energy": 0.5,
          "ts": "2025-05-19T06:33:35.644278",
          "date": "2025-05-19"
        }
      }
    },
    {
      "insertOne": {
        "document": {
          "user": "user_002",
          "device": "Light",
          "energy": 0.5,
          "ts": "2025-05-19T06:33:35.644278",
          "date": "2025-05-19"
        }
      }
    },
    {
      "insertOne": {
        "document": {
          "user": "user_002",
          "device": "Washer",
          "energy": 2.0,
          "ts": "2025-05-19T06:33:35.644278",
          "date": "2025-05-19"
        }
      }
    },
    {
      "insertOne": {
        "document": {
          "user": "user_002",
          "device": "AC",
          "energy": 1.5,
          "ts": "2025-05-19T12:33:35.644278",
          "date": "2025-05-19"
        }
      }
    },
    {
      "insertOne": {
        "document": {
          "user": "user_002",
          "device": "Light",
          "energy": 1.75,
          "ts": "2025-05-19T12:33:35.644278",
          "date": "2025-05-19"
        }
      }
    },
    {
      "insertOne": {
        "document": {
          "user": "user_002",
          "device": "Washer",
          "energy": 1.25,
          "ts": "2025-05-19T12:33:35.644278",
          "date": "2025-05-19"
        }
      }
    },
    {
      "insertOne": {
        "document": {
          "user": "user_002",
          "device": "AC",
          "energy": 2.5,
          "ts": "2025-05-19T18:33:35.644278",
          "date": "2025-05-19"
        }
      }
    },
    {
      "insertOne": {
        "document": {
          "user": "user_002",
          "device": "Light",
          "energy": 1.75,
          "ts": "2025-05-19T18:33:35.644278",
          "date": "2025-05-19"
        }
      }
    },
    {
      "insertOne": {
        "document": {
          "user": "user_002",
          "device": "Washer",
          "energy": 0.5,
          "ts": "2025-05-19T18:33:35.644278",
          "date": "2025-05-19"
        }
      }
    },
    {
      "insertOne": {
        "document": {
          "user": "user_002",
          "device": "AC",
          "energy": 0.75,
          "ts": "2025-05-20T00:33:35.644278",
          "date": "2025-05-20"
        }
      }
    },
    {
      "insertOne": {
        "document": {
          "user": "user_002",
          "device": "Light",
          "energy": 1.25,
          "ts": "2025-05-20T00:33:35.644278",
          "date": "2025-05-20"
        }
      }
    },
    {
      "insertOne": {
        "document": {
          "user": "user_002",
          "device": "Washer",
          "energy": 1.5,
          "ts": "2025-05-20T00:33:35.644278",
          "date": "2025-05-20"
        }
      }
    },
    {
      "insertOne": {
        "document": {
          "user": "user_002",
          "device": "AC",
          "energy": 0.5,
          "ts": "2025-05-20T06:33:35.644278",
          "date": "2025-05-20"
        }
      }
    },
    {
      "insertOne": {
        "document": {
          "user": "user_002",
          "device": "Light",
          "energy": 0.5,
          "ts": "2025-05-20T06:33:35.644278",
          "date": "2025-05-20"
        }
      }
    },
    {
      "insertOne": {
        "document": {
          "user": "user_002",
          "device": "Washer",
          "energy": 2.0,
          "ts": "2025-05-20T06:33:35.644278",
          "date": "2025-05-20"
        }
      }
    },
    {
      "insertOne": {
        "document": {
          "user": "user_002",
          "device": "AC",
          "energy": 1.5,
          "ts": "2025-05-20T12:33:35.644278",
          "date": "2025-05-20"
        }
      }
    },
    {
      "insertOne": {
        "document": {
          "user": "user_002",
          "device": "Light",
          "energy": 1.75,
          "ts": "2025-05-20T12:33:35.644278",
          "date": "2025-05-20"
        }
      }
    },
    {
      "insertOne": {
        "document": {
          "user": "user_002",
          "device": "Washer",
          "energy": 1.25,
          "ts": "2025-05-20T12:33:35.644278",
          "date": "2025-05-20"
        }
      }
    },
    {
      "insertOne": {
        "document": {
          "user": "user_002",
          "device": "AC",
          "energy": 2.5,
          "ts": "2025-05-20T18:33:35.644278",
          "date": "2025-05-20"
        }
      }
    },
    {
      "insertOne": {
        "document": {
          "user": "user_002",
          "device": "Light",
          "energy": 1.75,
          "ts": "2025-05-20T18:33:35.644278",
          "date": "2025-05-20"
        }
      }
    },
    {
      "insertOne": {
        "document": {
          "user": "user_002",
          "device": "Washer",
          "energy": 0.5,
          "ts": "2025-05-20T18:33:35.644278",
          "date": "2025-05-20"
        }
      }
    },
    {
      "insertOne": {
        "document": {
          "user": "user_002",
          "device": "AC",
          "energy": 0.75,
          "ts": "2025-05-21T00:33:35.644278",
          "date": "2025-05-21"
        }
      }
    },
    {
      "insertOne": {
        "document": {
          "user": "user_002",
          "device": "Light",
          "energy": 1.25,
          "ts": "2025-05-21T00:33:35.644278",
          "date": "2025-05-21"
        }
      }
    },
    {
      "insertOne": {
        "document": {
          "user": "user_002",
          "device": "Washer",
          "energy": 1.5,
          "ts": "2025-05-21T00:33:35.644278",
          "date": "2025-05-21"
        }
      }
    },
    {
      "insertOne": {
        "document": {
          "user": "user_002",
          "device": "AC",
          "energy": 0.5,
          "ts": "2025-05-21T06:33:35.644278",
          "date": "2025-05-21"
        }
      }
    },
    {
      "insertOne": {
        "document": {
          "user": "user_002",
          "device": "Light",
          "energy": 0.5,
          "ts": "2025-05-21T06:33:35.644278",
          "date": "2025-05-21"
        }
      }
    },
    {
      "insertOne": {
        "document": {
          "user": "user_002",
          "device": "Washer",
          "energy": 2.0,
          "ts": "2025-05-21T06:33:35.644278",
          "date": "2025-05-21"
        }
      }
    },
    {
      "insertOne": {
        "document": {
          "user": "user_002",
          "device": "AC",
          "energy": 1.5,
          "ts": "2025-05-21T12:33:35.644278",
          "date": "2025-05-21"
        }
      }
    },
    {
      "insertOne": {
        "document": {
          "user": "user_002",
          "device": "Light",
          "energy": 1.75,
          "ts": "2025-05-21T12:33:35.644278",
          "date": "2025-05-21"
        }
      }
    },
    {
      "insertOne": {
        "document": {
          "user": "user_002",
          "device": "Washer",
          "energy": 1.25,
          "ts": "2025-05-21T12:33:35.644278",
          "date": "2025-05-21"
        }
      }
    },
    {
      "insertOne": {
        "document": {
          "user": "user_002",
          "device": "AC",
          "energy": 2.5,
          "ts": "2025-05-21T18:33:35.644278",
          "date": "2025-05-21"
        }
      }
    },
    {
      "insertOne": {
        "document": {
          "user": "user_002",
          "device": "Light",
          "energy": 1.75,
          "ts": "2025-05-21T18:33:35.644278",
          "date": "2025-05-21"
        }
      }
    },
    {
      "insertOne": {
        "document": {
          "user": "user_002",
          "device": "Washer",
          "energy": 0.5,
          "ts": "2025-05-21T18:33:35.644278",
          "date": "2025-05-21"
        }
      }
    },
    {
      "insertOne": {
        "document": {
          "user": "user_002",
          "device": "AC",
          "energy": 0.75,
          "ts": "2025-05-22T00:33:35.644278",
          "date": "2025-05-22"
        }
      }
    },
    {
      "insertOne": {
        "document": {
          "user": "user_002",
          "device": "Light",
          "energy": 1.25,
          "ts": "2025-05-22T00:33:35.644278",
          "date": "2025-05-22"
        }
      }
    },
    {
      "insertOne": {
        "document": {
          "user": "user_002",
          "device": "Washer",
          "energy": 1.5,
          "ts": "2025-05-22T00:33:35.644278",
          "date": "2025-05-22"
        }
      }
    },
    {
      "insertOne": {
        "document": {
          "user": "user_002",
          "device": "AC",
          "energy": 0.5,
          "ts": "2025-05-22T06:33:35.644278",
          "date": "2025-05-22"
        }
      }
    },
    {
      "insertOne": {
        "document": {
          "user": "user_002",
          "device": "Light",
          "energy": 0.5,
          "ts": "2025-05-22T06:33:35.644278",
          "date": "2025-05-22"
        }
      }
    },
    {
      "insertOne": {
        "document": {
          "user": "user_002",
          "device": "Washer",
          "energy": 2.0,
          "ts": "2025-05-22T06:33:35.644278",
          "date": "2025-05-22"
        }
      }
    },
    {
      "insertOne": {
        "document": {
          "user": "user_002",
          "device": "AC",
          "energy": 1.5,
          "ts": "2025-05-22T12:33:35.644278",
          "date": "2025-05-22"
        }
      }
    },
    {
      "insertOne": {
        "document": {
          "user": "user_002",
          "device": "Light",
          "energy": 1.75,
          "ts": "2025-05-22T12:33:35.644278",
          "date": "2025-05-22"
        }
      }
    },
    {
      "insertOne": {
        "document": {
          "user": "user_002",
          "device": "Washer",
          "energy": 1.25,
          "ts": "2025-05-22T12:33:35.644278",
          "date": "2025-05-22"
        }
      }
    },
    {
      "insertOne": {
        "document": {
          "user": "user_002",
          "device": "AC",
          "energy": 2.5,
          "ts": "2025-05-22T18:33:35.644278",
          "date": "2025-05-22"
        }
      }
    },
    {
      "insertOne": {
        "document": {
          "user": "user_002",
          "device": "Light",
          "energy": 1.75,
          "ts": "2025-05-22T18:33:35.644278",
          "date": "2025-05-22"
        }
      }
    },
    {
      "insertOne": {
        "document": {
          "user": "user_002",
          "device": "Washer",
          "energy": 0.5,
          "ts": "2025-05-22T18:33:35.644278",
          "date": "2025-05-22"
        }
      }
    },
    {
      "insertOne": {
        "document": {
          "user": "user_002",
          "device": "AC",
          "energy": 0.75,
          "ts": "2025-05-23T00:33:35.644278",
          "date": "2025-05-23"
        }
      }
    },
    {
      "insertOne": {
        "document": {
          "user": "user_002",
          "device": "Light",
          "energy": 1.25,
          "ts": "2025-05-23T00:33:35.644278",
          "date": "2025-05-23"
        }
      }
    },
    {
      "insertOne": {
        "document": {
          "user": "user_002",
          "device": "Washer",
          "energy": 1.5,
          "ts": "2025-05-23T00:33:35.644278",
          "date": "2025-05-23"
        }
      }
    },
    {
      "insertOne": {
        "document": {
          "user": "user_002",
          "device": "AC",
          "energy": 0.5,
          "ts": "2025-05-23T06:33:35.644278",
          "date": "2025-05-23"
        }
      }
    },
    {
      "insertOne": {
        "document": {
          "user": "user_002",
          "device": "Light",
          "energy": 0.5,
          "ts": "2025-05-23T06:33:35.644278",
          "date": "2025-05-23"
        }
      }
    },
    {
      "insertOne": {
        "document": {
          "user": "user_002",
          "device": "Washer",
          "energy": 2.0,
          "ts": "2025-05-23T06:33:35.644278",
          "date": "2025-05-23"
        }
      }
    },
    {
      "insertOne": {
        "document": {
          "user": "user_002",
          "device": "AC",
          "energy": 1.5,
          "ts": "2025-05-23T12:33:35.644278",
          "date": "2025-05-23"
        }
      }
    },
    {
      "insertOne": {
        "document": {
          "user": "user_002",
          "device": "Light",
          "energy": 1.75,
          "ts": "2025-05-23T12:33:35.644278",
          "date": "2025-05-23"
        }
      }
    },
    {
      "insertOne": {
        "document": {
          "user": "user_002",
          "device": "Washer",
          "energy": 1.25,
          "ts": "2025-05-23T12:33:35.644278",
          "date": "2025-05-23"
        }
      }
    },
    {
      "insertOne": {
        "document": {
          "user": "user_002",
          "device": "AC",
          "energy": 2.5,
          "ts": "2025-05-23T18:33:35.644278",
          "date": "2025-05-23"
        }
      }
    },
    {
      "insertOne": {
        "document": {
          "user": "user_002",
          "device": "Light",
          "energy": 1.75,
          "ts": "2025-05-23T18:33:35.644278",
          "date": "2025-05-23"
        }
      }
    },
    {
      "insertOne": {
        "document": {
          "user": "user_002",
          "device": "Washer",
          "energy": 0.5,
          "ts": "2025-05-23T18:33:35.644278",
          "date": "2025-05-23"
        }
      }
    },
    {
      "insertOne": {
        "document": {
          "user": "user_002",
          "device": "AC",
          "energy": 0.75,
          "ts": "2025-05-24T00:33:35.644278",
          "date": "2025-05-24"
        }
      }
    },
    {
      "insertOne": {
        "document": {
          "user": "user_002",
          "device": "Light",
          "energy": 1.25,
          "ts": "2025-05-24T00:33:35.644278",
          "date": "2025-05-24"
        }
      }
    },
    {
      "insertOne": {
        "document": {
          "user": "user_002",
          "device": "Washer",
          "energy": 1.5,
          "ts": "2025-05-24T00:33:35.644278",
          "date": "2025-05-24"
        }
      }
    },
    {
      "insertOne": {
        "document": {
          "user": "user_002",
          "device": "AC",
          "energy": 0.5,
          "ts": "2025-05-24T06:33:35.644278",
          "date": "2025-05-24"
        }
      }
    },
    {
      "insertOne": {
        "document": {
          "user": "user_002",
          "device": "Light",
          "energy": 0.5,
          "ts": "2025-05-24T06:33:35.644278",
          "date": "2025-05-24"
        }
      }
    },
    {
      "insertOne": {
        "document": {
          "user": "user_002",
          "device": "Washer",
          "energy": 2.0,
          "ts": "2025-05-24T06:33:35.644278",
          "date": "2025-05-24"
        }
      }
    },
    {
      "insertOne": {
        "document": {
          "user": "user_002",
          "device": "AC",
          "energy": 1.5,
          "ts": "2025-05-24T12:33:35.644278",
          "date": "2025-05-24"
        }
      }
    },
    {
      "insertOne": {
        "document": {
          "user": "user_002",
          "device": "Light",
          "energy": 1.75,
          "ts": "2025-05-24T12:33:35.644278",
          "date": "2025-05-24"
        }
      }
    },
    {
      "insertOne": {
        "document": {
          "user": "user_002",
          "device": "Washer",
          "energy": 1.25,
          "ts": "2025-05-24T12:33:35.644278",
          "date": "2025-05-24"
        }
      }
    },
    {
      "insertOne": {
        "document": {
          "user": "user_002",
          "device": "AC",
          "energy": 2.5,
          "ts": "2025-05-24T18:33:35.644278",
          "date": "2025-05-24"
        }
      }
    },
    {
      "insertOne": {
        "document": {
          "user": "user_002",
          "device": "Light",
          "energy": 1.75,
          "ts": "2025-05-24T18:33:35.644278",
          "date": "2025-05-24"
        }
      }
    },
    {
      "insertOne": {
        "document": {
          "user": "user_002",
          "device": "Washer",
          "energy": 0.5,
          "ts": "2025-05-24T18:33:35.644278",
          "date": "2025-05-24"
        }
      }
    },
    {
      "insertOne": {
        "document": {
          "user": "user_002",
          "device": "AC",
          "energy": 0.75,
          "ts": "2025-05-25T00:33:35.644278",
          "date": "2025-05-25"
        }
      }
    },
    {
      "insertOne": {
        "document": {
          "user": "user_002",
          "device": "Light",
          "energy": 1.25,
          "ts": "2025-05-25T00:33:35.644278",
          "date": "2025-05-25"
        }
      }
    },
    {
      "insertOne": {
        "document": {
          "user": "user_002",
          "device": "Washer",
          "energy": 1.5,
          "ts": "2025-05-25T00:33:35.644278",
          "date": "2025-05-25"
        }
      }
    },
    {
      "insertOne": {
        "document": {
          "user": "user_002",
          "device": "AC",
          "energy": 0.5,
          "ts": "2025-05-25T06:33:35.644278",
          "date": "2025-05-25"
        }
      }
    },
    {
      "insertOne": {
        "document": {
          "user": "user_002",
          "device": "Light",
          "energy": 0.5,
          "ts": "2025-05-25T06:33:35.644278",
          "date": "2025-05-25"
        }
      }
    },
    {
      "insertOne": {
        "document": {
          "user": "user_002",
          "device": "Washer",
          "energy": 2.0,
          "ts": "2025-05-25T06:33:35.644278",
          "date": "2025-05-25"
        }
      }
    },
    {
      "insertOne": {
        "document": {
          "user": "user_002",
          "device": "AC",
          "energy": 1.5,
          "ts": "2025-05-25T12:33:35.644278",
          "date": "2025-05-25"
        }
      }
    },
    {
      "insertOne": {
        "document": {
          "user": "user_002",
          "device": "Light",
          "energy": 1.75,
          "ts": "2025-05-25T12:33:35.644278",
          "date": "2025-05-25"
        }
      }
    },
    {
      "insertOne": {
        "document": {
          "user": "user_002",
          "device": "Washer",
          "energy": 1.25,
          "ts": "2025-05-25T12:33:35.644278",
          "date": "2025-05-25"
        }
      }
    },
    {
      "insertOne": {
        "document": {
          "user": "user_002",
          "device": "AC",
          "energy": 2.5,
          "ts": "2025-05-25T18:33:35.644278",
          "date": "2025-05-25"
        }
      }
    },
    {
      "insertOne": {
        "document": {
          "user": "user_002",
          "device": "Light",
          "energy": 1.75,
          "ts": "2025-05-25T18:33:35.644278",
          "date": "2025-05-25"
        }
      }
    },
    {
      "insertOne": {
        "document": {
          "user": "user_002",
          "device": "Washer",
          "energy": 0.5,
          "ts": "2025-05-25T18:33:35.644278",
          "date": "2025-05-25"
        }
      }
    },
    {
      "insertOne": {
        "document": {
          "user": "user_002",
          "device": "AC",
          "energy": 0.75,
          "ts": "2025-05-26T00:33:35.644278",
          "date": "2025-05-26"
        }
      }
    },
    {
      "insertOne": {
        "document": {
          "user": "user_002",
          "device": "Light",
          "energy": 1.25,
          "ts": "2025-05-26T00:33:35.644278",
          "date": "2025-05-26"
        }
      }
    },
    {
      "insertOne": {
        "document": {
          "user": "user_002",
          "device": "Washer",
          "energy": 1.5,
          "ts": "2025-05-26T00:33:35.644278",
          "date": "2025-05-26"
        }
      }
    },
    {
      "insertOne": {
        "document": {
          "user": "user_002",
          "device": "AC",
          "energy": 0.5,
          "ts": "2025-05-26T06:33:35.644278",
          "date": "2025-05-26"
        }
      }
    },
    {
      "insertOne": {
        "document": {
          "user": "user_002",
          "device": "Light",
          "energy": 0.5,
          "ts": "2025-05-26T06:33:35.644278",
          "date": "2025-05-26"
        }
      }
    },
    {
      "insertOne": {
        "document": {
          "user": "user_002",
          "device": "Washer",
          "energy": 2.0,
          "ts": "2025-05-26T06:33:35.644278",
          "date": "2025-05-26"
        }
      }
    },
    {
      "insertOne": {
        "document": {
          "user": "user_002",
          "device": "AC",
          "energy": 1.5,
          "ts": "2025-05-26T12:33:35.644278",
          "date": "2025-05-26"
        }
      }
    },
    {
      "insertOne": {
        "document": {
          "user": "user_002",
          "device": "Light",
          "energy": 1.75,
          "ts": "2025-05-26T12:33:35.644278",
          "date": "2025-05-26"
        }
      }
    },
    {
      "insertOne": {
        "document": {
          "user": "user_002",
          "device": "Washer",
          "energy": 1.25,
          "ts": "2025-05-26T12:33:35.644278",
          "date": "2025-05-26"
        }
      }
    },
    {
      "insertOne": {
        "document": {
          "user": "user_002",
          "device": "AC",
          "energy": 2.5,
          "ts": "2025-05-26T18:33:35.644278",
          "date": "2025-05-26"
        }
      }
    },
    {
      "insertOne": {
        "document": {
          "user": "user_002",
          "device": "Light",
          "energy": 1.75,
          "ts": "2025-05-26T18:33:35.644278",
          "date": "2025-05-26"
        }
      }
    },
    {
      "insertOne": {
        "document": {
          "user": "user_002",
          "device": "Washer",
          "energy": 0.5,
          "ts": "2025-05-26T18:33:35.644278",
          "date": "2025-05-26"
        }
      }
    },
    {
      "insertOne": {
        "document": {
          "user": "user_003",
          "device": "AC",
          "energy": 0.75,
          "ts": "2025-05-17T00:33:35.644278",
          "date": "2025-05-17"
        }
      }
    },
    {
      "insertOne": {
        "document": {
          "user": "user_003",
          "device": "Light",
          "energy": 1.25,
          "ts": "2025-05-17T00:33:35.644278",
          "date": "2025-05-17"
        }
      }
    },
    {
      "insertOne": {
        "document": {
          "user": "user_003",
          "device": "Washer",
          "energy": 1.5,
          "ts": "2025-05-17T00:33:35.644278",
          "date": "2025-05-17"
        }
      }
    },
    {
      "insertOne": {
        "document": {
          "user": "user_003",
          "device": "AC",
          "energy": 0.5,
          "ts": "2025-05-17T06:33:35.644278",
          "date": "2025-05-17"
        }
      }
    },
    {
      "insertOne": {
        "document": {
          "user": "user_003",
          "device": "Light",
          "energy": 0.5,
          "ts": "2025-05-17T06:33:35.644278",
          "date": "2025-05-17"
        }
      }
    },
    {
      "insertOne": {
        "document": {
          "user": "user_003",
          "device": "Washer",
          "energy": 2.0,
          "ts": "2025-05-17T06:33:35.644278",
          "date": "2025-05-17"
        }
      }
    },
    {
      "insertOne": {
        "document": {
          "user": "user_003",
          "device": "AC",
          "energy": 1.5,
          "ts": "2025-05-17T12:33:35.644278",
          "date": "2025-05-17"
        }
      }
    },
    {
      "insertOne": {
        "document": {
          "user": "user_003",
          "device": "Light",
          "energy": 1.75,
          "ts": "2025-05-17T12:33:35.644278",
          "date": "2025-05-17"
        }
      }
    },
    {
      "insertOne": {
        "document": {
          "user": "user_003",
          "device": "Washer",
          "energy": 1.25,
          "ts": "2025-05-17T12:33:35.644278",
          "date": "2025-05-17"
        }
      }
    },
    {
      "insertOne": {
        "document": {
          "user": "user_003",
          "device": "AC",
          "energy": 2.5,
          "ts": "2025-05-17T18:33:35.644278",
          "date": "2025-05-17"
        }
      }
    },
    {
      "insertOne": {
        "document": {
          "user": "user_003",
          "device": "Light",
          "energy": 1.75,
          "ts": "2025-05-17T18:33:35.644278",
          "date": "2025-05-17"
        }
      }
    },
    {
      "insertOne": {
        "document": {
          "user": "user_003",
          "device": "Washer",
          "energy": 0.5,
          "ts": "2025-05-17T18:33:35.644278",
          "date": "2025-05-17"
        }
      }
    },
    {
      "insertOne": {
        "document": {
          "user": "user_003",
          "device": "AC",
          "energy": 0.75,
          "ts": "2025-05-18T00:33:35.644278",
          "date": "2025-05-18"
        }
      }
    },
    {
      "insertOne": {
        "document": {
          "user": "user_003",
          "device": "Light",
          "energy": 1.25,
          "ts": "2025-05-18T00:33:35.644278",
          "date": "2025-05-18"
        }
      }
    },
    {
      "insertOne": {
        "document": {
          "user": "user_003",
          "device": "Washer",
          "energy": 1.5,
          "ts": "2025-05-18T00:33:35.644278",
          "date": "2025-05-18"
        }
      }
    },
    {
      "insertOne": {
        "document": {
          "user": "user_003",
          "device": "AC",
          "energy": 0.5,
          "ts": "2025-05-18T06:33:35.644278",
          "date": "2025-05-18"
        }
      }
    },
    {
      "insertOne": {
        "document": {
          "user": "user_003",
          "device": "Light",
          "energy": 0.5,
          "ts": "2025-05-18T06:33:35.644278",
          "date": "2025-05-18"
        }
      }
    },
    {
      "insertOne": {
        "document": {
          "user": "user_003",
          "device": "Washer",
          "energy": 2.0,
          "ts": "2025-05-18T06:33:35.644278",
          "date": "2025-05-18"
        }
      }
    },
    {
      "insertOne": {
        "document": {
          "user": "user_003",
          "device": "AC",
          "energy": 1.5,
          "ts": "2025-05-18T12:33:35.644278",
          "date": "2025-05-18"
        }
      }
    },
    {
      "insertOne": {
        "document": {
          "user": "user_003",
          "device": "Light",
          "energy": 1.75,
          "ts": "2025-05-18T12:33:35.644278",
          "date": "2025-05-18"
        }
      }
    },
    {
      "insertOne": {
        "document": {
          "user": "user_003",
          "device": "Washer",
          "energy": 1.25,
          "ts": "2025-05-18T12:33:35.644278",
          "date": "2025-05-18"
        }
      }
    },
    {
      "insertOne": {
        "document": {
          "user": "user_003",
          "device": "AC",
          "energy": 2.5,
          "ts": "2025-05-18T18:33:35.644278",
          "date": "2025-05-18"
        }
      }
    },
    {
      "insertOne": {
        "document": {
          "user": "user_003",
          "device": "Light",
          "energy": 1.75,
          "ts": "2025-05-18T18:33:35.644278",
          "date": "2025-05-18"
        }
      }
    },
    {
      "insertOne": {
        "document": {
          "user": "user_003",
          "device": "Washer",
          "energy": 0.5,
          "ts": "2025-05-18T18:33:35.644278",
          "date": "2025-05-18"
        }
      }
    },
    {
      "insertOne": {
        "document": {
          "user": "user_003",
          "device": "AC",
          "energy": 0.75,
          "ts": "2025-05-19T00:33:35.644278",
          "date": "2025-05-19"
        }
      }
    },
    {
      "insertOne": {
        "document": {
          "user": "user_003",
          "device": "Light",
          "energy": 1.25,
          "ts": "2025-05-19T00:33:35.644278",
          "date": "2025-05-19"
        }
      }
    },
    {
      "insertOne": {
        "document": {
          "user": "user_003",
          "device": "Washer",
          "energy": 1.5,
          "ts": "2025-05-19T00:33:35.644278",
          "date": "2025-05-19"
        }
      }
    },
    {
      "insertOne": {
        "document": {
          "user": "user_003",
          "device": "AC",
          "energy": 0.5,
          "ts": "2025-05-19T06:33:35.644278",
          "date": "2025-05-19"
        }
      }
    },
    {
      "insertOne": {
        "document": {
          "user": "user_003",
          "device": "Light",
          "energy": 0.5,
          "ts": "2025-05-19T06:33:35.644278",
          "date": "2025-05-19"
        }
      }
    },
    {
      "insertOne": {
        "document": {
          "user": "user_003",
          "device": "Washer",
          "energy": 2.0,
          "ts": "2025-05-19T06:33:35.644278",
          "date": "2025-05-19"
        }
      }
    },
    {
      "insertOne": {
        "document": {
          "user": "user_003",
          "device": "AC",
          "energy": 1.5,
          "ts": "2025-05-19T12:33:35.644278",
          "date": "2025-05-19"
        }
      }
    },
    {
      "insertOne": {
        "document": {
          "user": "user_003",
          "device": "Light",
          "energy": 1.75,
          "ts": "2025-05-19T12:33:35.644278",
          "date": "2025-05-19"
        }
      }
    },
    {
      "insertOne": {
        "document": {
          "user": "user_003",
          "device": "Washer",
          "energy": 1.25,
          "ts": "2025-05-19T12:33:35.644278",
          "date": "2025-05-19"
        }
      }
    },
    {
      "insertOne": {
        "document": {
          "user": "user_003",
          "device": "AC",
          "energy": 2.5,
          "ts": "2025-05-19T18:33:35.644278",
          "date": "2025-05-19"
        }
      }
    },
    {
      "insertOne": {
        "document": {
          "user": "user_003",
          "device": "Light",
          "energy": 1.75,
          "ts": "2025-05-19T18:33:35.644278",
          "date": "2025-05-19"
        }
      }
    },
    {
      "insertOne": {
        "document": {
          "user": "user_003",
          "device": "Washer",
          "energy": 0.5,
          "ts": "2025-05-19T18:33:35.644278",
          "date": "2025-05-19"
        }
      }
    },
    {
      "insertOne": {
        "document": {
          "user": "user_003",
          "device": "AC",
          "energy": 0.75,
          "ts": "2025-05-20T00:33:35.644278",
          "date": "2025-05-20"
        }
      }
    },
    {
      "insertOne": {
        "document": {
          "user": "user_003",
          "device": "Light",
          "energy": 1.25,
          "ts": "2025-05-20T00:33:35.644278",
          "date": "2025-05-20"
        }
      }
    },
    {
      "insertOne": {
        "document": {
          "user": "user_003",
          "device": "Washer",
          "energy": 1.5,
          "ts": "2025-05-20T00:33:35.644278",
          "date": "2025-05-20"
        }
      }
    },
    {
      "insertOne": {
        "document": {
          "user": "user_003",
          "device": "AC",
          "energy": 0.5,
          "ts": "2025-05-20T06:33:35.644278",
          "date": "2025-05-20"
        }
      }
    },
    {
      "insertOne": {
        "document": {
          "user": "user_003",
          "device": "Light",
          "energy": 0.5,
          "ts": "2025-05-20T06:33:35.644278",
          "date": "2025-05-20"
        }
      }
    },
    {
      "insertOne": {
        "document": {
          "user": "user_003",
          "device": "Washer",
          "energy": 2.0,
          "ts": "2025-05-20T06:33:35.644278",
          "date": "2025-05-20"
        }
      }
    },
    {
      "insertOne": {
        "document": {
          "user": "user_003",
          "device": "AC",
          "energy": 1.5,
          "ts": "2025-05-20T12:33:35.644278",
          "date": "2025-05-20"
        }
      }
    },
    {
      "insertOne": {
        "document": {
          "user": "user_003",
          "device": "Light",
          "energy": 1.75,
          "ts": "2025-05-20T12:33:35.644278",
          "date": "2025-05-20"
        }
      }
    },
    {
      "insertOne": {
        "document": {
          "user": "user_003",
          "device": "Washer",
          "energy": 1.25,
          "ts": "2025-05-20T12:33:35.644278",
          "date": "2025-05-20"
        }
      }
    },
    {
      "insertOne": {
        "document": {
          "user": "user_003",
          "device": "AC",
          "energy": 2.5,
          "ts": "2025-05-20T18:33:35.644278",
          "date": "2025-05-20"
        }
      }
    },
    {
      "insertOne": {
        "document": {
          "user": "user_003",
          "device": "Light",
          "energy": 1.75,
          "ts": "2025-05-20T18:33:35.644278",
          "date": "2025-05-20"
        }
      }
    },
    {
      "insertOne": {
        "document": {
          "user": "user_003",
          "device": "Washer",
          "energy": 0.5,
          "ts": "2025-05-20T18:33:35.644278",
          "date": "2025-05-20"
        }
      }
    },
    {
      "insertOne": {
        "document": {
          "user": "user_003",
          "device": "AC",
          "energy": 0.75,
          "ts": "2025-05-21T00:33:35.644278",
          "date": "2025-05-21"
        }
      }
    },
    {
      "insertOne": {
        "document": {
          "user": "user_003",
          "device": "Light",
          "energy": 1.25,
          "ts": "2025-05-21T00:33:35.644278",
          "date": "2025-05-21"
        }
      }
    },
    {
      "insertOne": {
        "document": {
          "user": "user_003",
          "device": "Washer",
          "energy": 1.5,
          "ts": "2025-05-21T00:33:35.644278",
          "date": "2025-05-21"
        }
      }
    },
    {
      "insertOne": {
        "document": {
          "user": "user_003",
          "device": "AC",
          "energy": 0.5,
          "ts": "2025-05-21T06:33:35.644278",
          "date": "2025-05-21"
        }
      }
    },
    {
      "insertOne": {
        "document": {
          "user": "user_003",
          "device": "Light",
          "energy": 0.5,
          "ts": "2025-05-21T06:33:35.644278",
          "date": "2025-05-21"
        }
      }
    },
    {
      "insertOne": {
        "document": {
          "user": "user_003",
          "device": "Washer",
          "energy": 2.0,
          "ts": "2025-05-21T06:33:35.644278",
          "date": "2025-05-21"
        }
      }
    },
    {
      "insertOne": {
        "document": {
          "user": "user_003",
          "device": "AC",
          "energy": 1.5,
          "ts": "2025-05-21T12:33:35.644278",
          "date": "2025-05-21"
        }
      }
    },
    {
      "insertOne": {
        "document": {
          "user": "user_003",
          "device": "Light",
          "energy": 1.75,
          "ts": "2025-05-21T12:33:35.644278",
          "date": "2025-05-21"
        }
      }
    },
    {
      "insertOne": {
        "document": {
          "user": "user_003",
          "device": "Washer",
          "energy": 1.25,
          "ts": "2025-05-21T12:33:35.644278",
          "date": "2025-05-21"
        }
      }
    },
    {
      "insertOne": {
        "document": {
          "user": "user_003",
          "device": "AC",
          "energy": 2.5,
          "ts": "2025-05-21T18:33:35.644278",
          "date": "2025-05-21"
        }
      }
    },
    {
      "insertOne": {
        "document": {
          "user": "user_003",
          "device": "Light",
          "energy": 1.75,
          "ts": "2025-05-21T18:33:35.644278",
          "date": "2025-05-21"
        }
      }
    },
    {
      "insertOne": {
        "document": {
          "user": "user_003",
          "device": "Washer",
          "energy": 0.5,
          "ts": "2025-05-21T18:33:35.644278",
          "date": "2025-05-21"
        }
      }
    },
    {
      "insertOne": {
        "document": {
          "user": "user_003",
          "device": "AC",
          "energy": 0.75,
          "ts": "2025-05-22T00:33:35.644278",
          "date": "2025-05-22"
        }
      }
    },
    {
      "insertOne": {
        "document": {
          "user": "user_003",
          "device": "Light",
          "energy": 1.25,
          "ts": "2025-05-22T00:33:35.644278",
          "date": "2025-05-22"
        }
      }
    },
    {
      "insertOne": {
        "document": {
          "user": "user_003",
          "device": "Washer",
          "energy": 1.5,
          "ts": "2025-05-22T00:33:35.644278",
          "date": "2025-05-22"
        }
      }
    },
    {
      "insertOne": {
        "document": {
          "user": "user_003",
          "device": "AC",
          "energy": 0.5,
          "ts": "2025-05-22T06:33:35.644278",
          "date": "2025-05-22"
        }
      }
    },
    {
      "insertOne": {
        "document": {
          "user": "user_003",
          "device": "Light",
          "energy": 0.5,
          "ts": "2025-05-22T06:33:35.644278",
          "date": "2025-05-22"
        }
      }
    },
    {
      "insertOne": {
        "document": {
          "user": "user_003",
          "device": "Washer",
          "energy": 2.0,
          "ts": "2025-05-22T06:33:35.644278",
          "date": "2025-05-22"
        }
      }
    },
    {
      "insertOne": {
        "document": {
          "user": "user_003",
          "device": "AC",
          "energy": 1.5,
          "ts": "2025-05-22T12:33:35.644278",
          "date": "2025-05-22"
        }
      }
    },
    {
      "insertOne": {
        "document": {
          "user": "user_003",
          "device": "Light",
          "energy": 1.75,
          "ts": "2025-05-22T12:33:35.644278",
          "date": "2025-05-22"
        }
      }
    },
    {
      "insertOne": {
        "document": {
          "user": "user_003",
          "device": "Washer",
          "energy": 1.25,
          "ts": "2025-05-22T12:33:35.644278",
          "date": "2025-05-22"
        }
      }
    },
    {
      "insertOne": {
        "document": {
          "user": "user_003",
          "device": "AC",
          "energy": 2.5,
          "ts": "2025-05-22T18:33:35.644278",
          "date": "2025-05-22"
        }
      }
    },
    {
      "insertOne": {
        "document": {
          "user": "user_003",
          "device": "Light",
          "energy": 1.75,
          "ts": "2025-05-22T18:33:35.644278",
          "date": "2025-05-22"
        }
      }
    },
    {
      "insertOne": {
        "document": {
          "user": "user_003",
          "device": "Washer",
          "energy": 0.5,
          "ts": "2025-05-22T18:33:35.644278",
          "date": "2025-05-22"
        }
      }
    },
    {
      "insertOne": {
        "document": {
          "user": "user_003",
          "device": "AC",
          "energy": 0.75,
          "ts": "2025-05-23T00:33:35.644278",
          "date": "2025-05-23"
        }
      }
    },
    {
      "insertOne": {
        "document": {
          "user": "user_003",
          "device": "Light",
          "energy": 1.25,
          "ts": "2025-05-23T00:33:35.644278",
          "date": "2025-05-23"
        }
      }
    },
    {
      "insertOne": {
        "document": {
          "user": "user_003",
          "device": "Washer",
          "energy": 1.5,
          "ts": "2025-05-23T00:33:35.644278",
          "date": "2025-05-23"
        }
      }
    },
    {
      "insertOne": {
        "document": {
          "user": "user_003",
          "device": "AC",
          "energy": 0.5,
          "ts": "2025-05-23T06:33:35.644278",
          "date": "2025-05-23"
        }
      }
    },
    {
      "insertOne": {
        "document": {
          "user": "user_003",
          "device": "Light",
          "energy": 0.5,
          "ts": "2025-05-23T06:33:35.644278",
          "date": "2025-05-23"
        }
      }
    },
    {
      "insertOne": {
        "document": {
          "user": "user_003",
          "device": "Washer",
          "energy": 2.0,
          "ts": "2025-05-23T06:33:35.644278",
          "date": "2025-05-23"
        }
      }
    },
    {
      "insertOne": {
        "document": {
          "user": "user_003",
          "device": "AC",
          "energy": 1.5,
          "ts": "2025-05-23T12:33:35.644278",
          "date": "2025-05-23"
        }
      }
    },
    {
      "insertOne": {
        "document": {
          "user": "user_003",
          "device": "Light",
          "energy": 1.75,
          "ts": "2025-05-23T12:33:35.644278",
          "date": "2025-05-23"
        }
      }
    },
    {
      "insertOne": {
        "document": {
          "user": "user_003",
          "device": "Washer",
          "energy": 1.25,
          "ts": "2025-05-23T12:33:35.644278",
          "date": "2025-05-23"
        }
      }
    },
    {
      "insertOne": {
        "document": {
          "user": "user_003",
          "device": "AC",
          "energy": 2.5,
          "ts": "2025-05-23T18:33:35.644278",
          "date": "2025-05-23"
        }
      }
    },
    {
      "insertOne": {
        "document": {
          "user": "user_003",
          "device": "Light",
          "energy": 1.75,
          "ts": "2025-05-23T18:33:35.644278",
          "date": "2025-05-23"
        }
      }
    },
    {
      "insertOne": {
        "document": {
          "user": "user_003",
          "device": "Washer",
          "energy": 0.5,
          "ts": "2025-05-23T18:33:35.644278",
          "date": "2025-05-23"
        }
      }
    },
    {
      "insertOne": {
        "document": {
          "user": "user_003",
          "device": "AC",
          "energy": 0.75,
          "ts": "2025-05-24T00:33:35.644278",
          "date": "2025-05-24"
        }
      }
    },
    {
      "insertOne": {
        "document": {
          "user": "user_003",
          "device": "Light",
          "energy": 1.25,
          "ts": "2025-05-24T00:33:35.644278",
          "date": "2025-05-24"
        }
      }
    },
    {
      "insertOne": {
        "document": {
          "user": "user_003",
          "device": "Washer",
          "energy": 1.5,
          "ts": "2025-05-24T00:33:35.644278",
          "date": "2025-05-24"
        }
      }
    },
    {
      "insertOne": {
        "document": {
          "user": "user_003",
          "device": "AC",
          "energy": 0.5,
          "ts": "2025-05-24T06:33:35.644278",
          "date": "2025-05-24"
        }
      }
    },
    {
      "insertOne": {
        "document": {
          "user": "user_003",
          "device": "Light",
          "energy": 0.5,
          "ts": "2025-05-24T06:33:35.644278",
          "date": "2025-05-24"
        }
      }
    },
    {
      "insertOne": {
        "document": {
          "user": "user_003",
          "device": "Washer",
          "energy": 2.0,
          "ts": "2025-05-24T06:33:35.644278",
          "date": "2025-05-24"
        }
      }
    },
    {
      "insertOne": {
        "document": {
          "user": "user_003",
          "device": "AC",
          "energy": 1.5,
          "ts": "2025-05-24T12:33:35.644278",
          "date": "2025-05-24"
        }
      }
    },
    {
      "insertOne": {
        "document": {
          "user": "user_003",
          "device": "Light",
          "energy": 1.75,
          "ts": "2025-05-24T12:33:35.644278",
          "date": "2025-05-24"
        }
      }
    },
    {
      "insertOne": {
        "document": {
          "user": "user_003",
          "device": "Washer",
          "energy": 1.25,
          "ts": "2025-05-24T12:33:35.644278",
          "date": "2025-05-24"
        }
      }
    },
    {
      "insertOne": {
        "document": {
          "user": "user_003",
          "device": "AC",
          "energy": 2.5,
          "ts": "2025-05-24T18:33:35.644278",
          "date": "2025-05-24"
        }
      }
    },
    {
      "insertOne": {
        "document": {
          "user": "user_003",
          "device": "Light",
          "energy": 1.75,
          "ts": "2025-05-24T18:33:35.644278",
          "date": "2025-05-24"
        }
      }
    },
    {
      "insertOne": {
        "document": {
          "user": "user_003",
          "device": "Washer",
          "energy": 0.5,
          "ts": "2025-05-24T18:33:35.644278",
          "date": "2025-05-24"
        }
      }
    },
    {
      "insertOne": {
        "document": {
          "user": "user_003",
          "device": "AC",
          "energy": 0.75,
          "ts": "2025-05-25T00:33:35.644278",
          "date": "2025-05-25"
        }
      }
    },
    {
      "insertOne": {
        "document": {
          "user": "user_003",
          "device": "Light",
          "energy": 1.25,
          "ts": "2025-05-25T00:33:35.644278",
          "date": "2025-05-25"
        }
      }
    },
    {
      "insertOne": {
        "document": {
          "user": "user_003",
          "device": "Washer",
          "energy": 1.5,
          "ts": "2025-05-25T00:33:35.644278",
          "date": "2025-05-25"
        }
      }
    },
    {
      "insertOne": {
        "document": {
          "user": "user_003",
          "device": "AC",
          "energy": 0.5,
          "ts": "2025-05-25T06:33:35.644278",
          "date": "2025-05-25"
        }
      }
    },
    {
      "insertOne": {
        "document": {
          "user": "user_003",
          "device": "Light",
          "energy": 0.5,
          "ts": "2025-05-25T06:33:35.644278",
          "date": "2025-05-25"
        }
      }
    },
    {
      "insertOne": {
        "document": {
          "user": "user_003",
          "device": "Washer",
          "energy": 2.0,
          "ts": "2025-05-25T06:33:35.644278",
          "date": "2025-05-25"
        }
      }
    },
    {
      "insertOne": {
        "document": {
          "user": "user_003",
          "device": "AC",
          "energy": 1.5,
          "ts": "2025-05-25T12:33:35.644278",
          "date": "2025-05-25"
        }
      }
    },
    {
      "insertOne": {
        "document": {
          "user": "user_003",
          "device": "Light",
          "energy": 1.75,
          "ts": "2025-05-25T12:33:35.644278",
          "date": "2025-05-25"
        }
      }
    },
    {
      "insertOne": {
        "document": {
          "user": "user_003",
          "device": "Washer",
          "energy": 1.25,
          "ts": "2025-05-25T12:33:35.644278",
          "date": "2025-05-25"
        }
      }
    },
    {
      "insertOne": {
        "document": {
          "user": "user_003",
          "device": "AC",
          "energy": 2.5,
          "ts": "2025-05-25T18:33:35.644278",
          "date": "2025-05-25"
        }
      }
    },
    {
      "insertOne": {
        "document": {
          "user": "user_003",
          "device": "Light",
          "energy": 1.75,
          "ts": "2025-05-25T18:33:35.644278",
          "date": "2025-05-25"
        }
      }
    },
    {
      "insertOne": {
        "document": {
          "user": "user_003",
          "device": "Washer",
          "energy": 0.5,
          "ts": "2025-05-25T18:33:35.644278",
          "date": "2025-05-25"
        }
      }
    },
    {
      "insertOne": {
        "document": {
          "user": "user_003",
          "device": "AC",
          "energy": 0.75,
          "ts": "2025-05-26T00:33:35.644278",
          "date": "2025-05-26"
        }
      }
    },
    {
      "insertOne": {
        "document": {
          "user": "user_003",
          "device": "Light",
          "energy": 1.25,
          "ts": "2025-05-26T00:33:35.644278",
          "date": "2025-05-26"
        }
      }
    },
    {
      "insertOne": {
        "document": {
          "user": "user_003",
          "device": "Washer",
          "energy": 1.5,
          "ts": "2025-05-26T00:33:35.644278",
          "date": "2025-05-26"
        }
      }
    },
    {
      "insertOne": {
        "document": {
          "user": "user_003",
          "device": "AC",
          "energy": 0.5,
          "ts": "2025-05-26T06:33:35.644278",
          "date": "2025-05-26"
        }
      }
    },
    {
      "insertOne": {
        "document": {
          "user": "user_003",
          "device": "Light",
          "energy": 0.5,
          "ts": "2025-05-26T06:33:35.644278",
          "date": "2025-05-26"
        }
      }
    },
    {
      "insertOne": {
        "document": {
          "user": "user_003",
          "device": "Washer",
          "energy": 2.0,
          "ts": "2025-05-26T06:33:35.644278",
          "date": "2025-05-26"
        }
      }
    },
    {
      "insertOne": {
        "document": {
          "user": "user_003",
          "device": "AC",
          "energy": 1.5,
          "ts": "2025-05-26T12:33:35.644278",
          "date": "2025-05-26"
        }
      }
    },
    {
      "insertOne": {
        "document": {
          "user": "user_003",
          "device": "Light",
          "energy": 1.75,
          "ts": "2025-05-26T12:33:35.644278",
          "date": "2025-05-26"
        }
      }
    },
    {
      "insertOne": {
        "document": {
          "user": "user_003",
          "device": "Washer",
          "energy": 1.25,
          "ts": "2025-05-26T12:33:35.644278",
          "date": "2025-05-26"
        }
      }
    },
    {
      "insertOne": {
        "document": {
          "user": "user_003",
          "device": "AC",
          "energy": 2.5,
          "ts": "2025-05-26T18:33:35.644278",
          "date": "2025-05-26"
        }
      }
    },
    {
      "insertOne": {
        "document": {
          "user": "user_003",
          "device": "Light",
          "energy": 1.75,
          "ts": "2025-05-26T18:33:35.644278",
          "date": "2025-05-26"
        }
      }
    },
    {
      "insertOne": {
        "document": {
          "user": "user_003",
          "device": "Washer",
          "energy": 0.5,
          "ts": "2025-05-26T18:33:35.644278",
          "date": "2025-05-26"
        }
      }
    }
  ]
}